,Site1,Site2,Site3,Site4,Site5,Site6,Site7,Site8,Site9,Site10
0,2886.5,2932.0,3246.0,3530.0,3578.5,3655.0,3683.5,2086.5,2676.0,2312.0
1,2906.5,2937.0,3242.5,3542.5,3616.5,3694.0,3657.0,2074.0,2660.5,2291.5
2,2952.5,2986.0,3254.5,3622.0,3666.0,3781.5,3783.0,2064.0,2662.0,2359.0
3,2905.0,2970.5,3270.0,3659.0,3686.5,3766.5,3809.0,2128.0,2663.0,2362.0
4,2986.5,2998.5,3322.5,3650.0,3725.5,3781.5,3797.0,2233.0,2740.5,2447.0
5,2955.5,3017.5,3308.0,3641.0,3739.0,3796.5,3823.0,2166.0,2768.0,2445.0
6,2899.0,2957.5,3299.0,3580.5,3610.5,3731.0,3748.5,2115.5,2673.5,2399.5
7,2938.0,2986.5,3328.5,3615.5,3655.0,3800.0,3836.0,2130.0,2770.5,2411.5
8,3045.0,3086.0,3357.5,3684.5,3799.0,3793.0,3770.0,2134.5,2762.5,2406.5
9,3046.5,3076.5,3317.5,3693.0,3761.0,3822.0,3852.0,2162.0,2799.0,2448.0
10,3012.5,3136.0,3350.5,3703.0,3767.5,3874.5,3887.5,2253.5,2796.0,2450.5
11,3117.5,3212.5,3486.0,3776.5,3854.5,3942.0,3958.0,2350.5,2879.0,2531.5
12,3124.0,3183.0,3511.0,3844.0,3910.5,3984.0,3988.5,2359.5,2874.5,2587.0
13,3185.0,3204.0,3491.0,3875.0,3938.5,3997.5,4007.5,2343.0,2866.5,2578.5
14,3203.0,3234.0,3523.5,3870.0,3921.5,3996.5,3965.5,2381.5,2947.0,2602.0
15,3250.0,3324.0,3590.0,3896.5,3948.5,4057.0,3997.5,2441.5,3006.5,2619.0
16,3301.0,3299.5,3576.5,3976.5,3995.5,4123.5,4127.0,2446.5,3014.5,2654.0
17,3343.0,3336.0,3592.0,3980.5,3999.0,4072.5,4079.0,2492.0,3087.0,2710.0
18,3354.5,3352.0,3638.5,4037.5,4090.0,4129.0,4108.5,2508.5,3134.5,2762.5
19,3413.0,3380.5,3653.5,4053.5,4109.5,4135.0,4158.5,2522.0,3180.0,2731.5
20,3394.0,3386.5,3648.5,4094.0,4175.5,4241.5,4186.5,2622.5,3204.0,2836.0
21,3409.0,3404.0,3727.0,4104.0,4094.5,4221.5,4272.0,2510.5,3171.0,2815.5
22,3348.5,3452.5,3765.0,4130.5,4177.0,4263.5,4224.0,2553.5,3140.5,2849.5
23,3485.0,3441.5,3767.0,4090.5,4151.5,4240.5,4287.5,2540.5,3216.5,2894.0
24,3452.5,3483.5,3830.5,4135.0,4153.5,4303.5,4330.0,2608.5,3184.0,2940.0
25,3550.5,3521.5,3788.0,4195.0,4228.5,4391.0,4363.0,2763.5,3333.0,3082.5
26,3584.5,3641.5,3837.0,4274.0,4311.5,4390.5,4365.5,2769.5,3337.0,3034.5
27,3609.5,3626.0,3999.5,4355.0,4394.5,4468.0,4460.0,2784.0,3430.0,3122.5
28,3716.5,3689.5,3996.0,4269.5,4325.5,4394.0,4415.5,2803.0,3438.5,3133.0
29,3792.5,3728.0,4005.5,4450.5,4463.5,4593.5,4486.5,2830.5,3466.5,3103.0
30,3784.0,3785.0,4097.5,4363.0,4390.5,4501.5,4542.5,2902.5,3488.0,3151.5
31,3833.0,3839.5,4106.0,4446.5,4435.0,4576.5,4599.5,2964.5,3545.0,3368.5
32,3823.0,3893.0,4135.5,4598.5,4570.0,4724.0,4716.5,3001.5,3561.0,3259.0
33,3885.5,3852.5,4143.0,4523.0,4561.5,4686.0,4710.5,2987.5,3598.5,3276.0
34,4020.5,3992.5,4291.0,4638.0,4647.5,4710.0,4647.0,3096.5,3766.0,3391.5
35,4020.5,4057.5,4344.5,4696.5,4741.0,4821.5,4796.0,3143.5,3734.0,3413.5
36,3946.5,3944.0,4328.0,4740.5,4612.0,4867.5,4863.5,3165.0,3721.5,3413.5
37,4060.0,4121.0,4317.5,4729.5,4725.0,4827.0,4815.5,3184.5,3783.0,3570.0
38,4114.0,4162.0,4366.5,4806.0,4768.5,4852.5,4832.5,3218.5,3923.5,3533.0
39,4246.0,4198.5,4446.5,4835.0,4848.0,4951.0,4969.5,3288.5,3986.0,3587.5
40,4191.0,4204.0,4473.5,4938.0,4971.0,5047.0,5066.5,3368.0,3961.0,3650.0
41,4246.0,4239.0,4499.5,4979.5,4982.5,5098.5,5083.5,3433.5,4011.5,3722.5
42,4365.5,4283.5,4607.5,5005.5,5003.5,5146.5,5127.5,3512.5,4158.5,3784.0
43,4427.5,4363.5,4676.0,4992.5,4971.0,5171.5,5169.0,3428.0,4150.5,3820.5
44,4379.0,4434.0,4668.0,4993.0,5005.5,5098.0,5073.0,3494.5,4159.0,3873.0
45,4427.0,4473.5,4685.5,5097.0,5067.0,5206.5,5179.0,3639.5,4248.5,3941.5
46,4458.5,4474.5,4867.0,5210.0,5151.5,5349.0,5331.0,3725.5,4261.0,3979.5
47,4530.0,4502.0,4740.0,5129.5,5064.0,5309.5,5279.5,3767.5,4433.5,4016.5
48,4628.5,4491.0,4801.5,5167.0,5120.5,5297.5,5234.5,3822.5,4446.0,4051.5
49,4700.5,4626.0,4812.0,5208.5,5193.5,5380.5,5276.5,3896.0,4544.5,4132.5
50,4822.0,4762.5,4929.5,5241.5,5263.0,5357.5,5329.0,3850.0,4526.5,4177.0
51,4793.0,4737.5,4940.0,5400.5,5339.5,5480.0,5412.0,3942.0,4519.0,4229.0
52,4962.5,4857.0,5048.5,5417.0,5411.0,5501.5,5467.5,4034.5,4632.5,4326.5
53,4946.5,4851.0,5072.5,5506.5,5505.0,5692.5,5622.0,4108.5,4772.5,4391.0
54,4968.5,4956.5,5178.5,5587.5,5573.0,5678.5,5617.0,4175.0,4776.0,4508.5
55,5092.5,4948.0,5208.5,5568.0,5512.5,5678.5,5680.0,4262.0,4836.0,4647.0
56,5139.5,5038.5,5258.5,5700.5,5660.5,5789.0,5797.5,4282.0,4888.5,4637.5
57,5269.5,5071.5,5352.5,5677.0,5668.0,5824.0,5830.5,4227.5,5030.0,4788.0
58,5358.5,5179.5,5477.5,5713.5,5660.0,5843.5,5869.5,4343.0,5059.0,4759.5
59,5333.5,5214.5,5431.5,5845.0,5765.0,5960.0,5869.0,4365.0,5051.0,4694.5
60,5449.0,5278.5,5546.5,5908.0,5850.5,5976.5,5947.0,4449.5,5180.5,4856.0
61,5383.5,5193.5,5543.5,6041.5,6009.0,6144.0,6142.0,4484.0,5177.0,4848.0
62,5528.0,5365.5,5597.5,6090.5,6015.0,6229.0,6179.5,4497.0,5283.0,4846.0
63,5653.5,5466.5,5681.5,6020.0,5969.5,6011.5,6039.0,4669.0,5449.0,5068.0
64,5735.0,5555.0,5638.0,6068.0,6014.5,6177.0,6142.0,4663.5,5389.0,5091.0
65,5715.0,5567.5,5884.0,6125.0,6146.5,6135.5,6074.0,4707.5,5442.5,5047.0
66,5766.5,5559.5,5791.5,6173.5,6121.5,6242.0,6146.5,4793.5,5560.5,5055.0
67,5847.5,5672.5,5888.0,6312.5,6186.5,6248.0,6213.5,4822.0,5638.5,5146.5
68,5842.5,5714.5,5945.5,6385.0,6317.5,6404.0,6332.5,4841.5,5574.0,5122.0
69,5948.0,5796.0,5906.5,6280.0,6272.0,6364.5,6319.0,5035.5,5817.5,5243.0
70,5971.5,5836.0,5954.5,6246.0,6247.0,6400.5,6339.0,5125.0,5760.5,5332.5
71,6032.5,5841.0,6098.0,6404.5,6327.0,6432.5,6335.0,5132.0,5797.5,5347.0
72,6162.0,5967.0,6135.5,6475.0,6421.0,6501.5,6582.5,5132.0,5900.0,5422.0
73,6109.0,5895.5,6107.5,6487.0,6391.5,6634.5,6662.5,5105.5,5920.5,5486.0
74,6251.5,6001.0,6303.5,6541.5,6408.5,6566.5,6493.5,5261.0,6022.5,5560.0
75,6255.5,6025.5,6206.5,6658.0,6528.0,6686.5,6560.0,5356.0,6108.5,5667.0
76,6340.0,6116.0,6393.0,6729.0,6614.0,6737.0,6688.0,5388.5,6179.5,5662.0
77,6450.5,6156.5,6306.5,6724.0,6610.0,6861.0,6763.0,5500.0,6244.0,5804.0
78,6522.5,6264.0,6525.0,6900.5,6757.0,6878.0,6827.0,5465.0,6281.5,5831.5
79,6467.0,6244.0,6590.0,6776.0,6720.0,6874.0,6795.0,5656.5,6285.0,5796.5
80,6550.0,6303.0,6518.0,6908.0,6832.0,6928.5,6756.0,5696.0,6319.5,5918.5
81,6501.0,6332.0,6558.5,6989.0,6887.0,7066.0,7032.5,5662.5,6477.0,6008.5
82,6578.5,6285.0,6669.5,6966.5,6830.0,7065.5,6872.5,5671.5,6408.5,5988.0
83,6609.5,6345.5,6617.5,6907.0,6815.0,7014.0,6908.0,5779.5,6489.0,6037.5
84,6730.0,6480.0,6586.0,6991.0,6833.5,7026.0,6953.5,5815.0,6524.5,6118.0
85,6735.0,6495.5,6659.0,7037.0,6902.5,7123.5,7113.5,5847.5,6500.0,6259.5
86,6963.0,6664.0,6730.5,7104.5,7014.0,7122.5,7035.5,5951.5,6740.0,6334.5
87,6896.5,6679.5,6877.5,7169.5,7040.5,7222.0,7137.5,5989.5,6759.5,6430.0
88,7100.0,6722.0,6847.5,7193.0,7113.0,7338.5,7138.5,6128.0,6869.0,6376.5
89,7121.5,6741.5,7058.5,7297.5,7248.5,7277.0,7174.5,6156.0,6910.0,6476.0
90,7095.5,6792.5,6955.5,7291.5,7175.0,7371.0,7251.0,6318.5,6821.5,6579.5
91,7217.0,6777.5,7013.5,7344.5,7200.0,7364.0,7264.5,6228.0,6862.5,6618.0
92,7251.5,7002.0,7248.0,7390.5,7196.5,7356.0,7308.5,6331.5,6949.0,6647.5
93,7180.0,7091.0,7215.0,7582.5,7402.0,7599.5,7446.0,6316.5,7152.0,6753.5
94,7357.0,7037.5,7336.0,7610.0,7499.5,7663.5,7597.0,6377.0,7216.0,6767.0
95,7290.5,7015.5,7253.5,7550.5,7401.5,7598.5,7506.0,6515.5,7089.0,6828.0
96,7299.5,7096.5,7287.0,7736.5,7558.5,7686.5,7448.0,6540.5,7116.0,6781.5
97,7587.5,7237.0,7242.5,7585.5,7441.5,7667.0,7552.0,6564.0,7138.5,6945.5
98,7566.0,7148.5,7453.0,7738.0,7633.0,7751.0,7656.0,6608.5,7230.0,7037.0
99,7502.5,7214.5,7351.0,7740.0,7590.0,7794.5,7604.5,6678.0,7204.5,7043.5
100,7481.5,7269.0,7353.0,7764.0,7521.5,7754.0,7697.5,6735.5,7219.5,6955.0
101,7591.5,7366.0,7492.5,7806.5,7684.0,7805.0,7635.0,6757.0,7272.5,7008.5
102,7766.5,7315.5,7498.5,7883.0,7725.5,7883.5,7779.0,6901.0,7542.0,7229.0
103,7769.0,7533.0,7605.5,7898.0,7754.0,7975.5,7929.5,6926.0,7492.0,7210.0
104,7861.0,7506.5,7676.0,7972.5,7754.0,7960.5,7851.5,6945.5,7494.0,7299.5
105,7819.5,7630.5,7660.0,7989.0,7876.0,8029.5,7818.0,6968.5,7510.0,7331.0
106,7971.0,7639.5,7812.5,8101.5,7975.0,8084.5,7875.5,6974.0,7563.5,7414.0
107,8005.0,7615.5,7742.0,8125.0,7951.5,8154.0,8045.5,7141.5,7658.5,7359.5
108,8025.5,7634.0,7769.0,8040.5,7860.0,8090.5,8045.5,7163.5,7731.5,7468.5
109,8105.0,7646.5,7801.0,8132.5,7844.5,8170.0,8032.5,7230.0,7652.5,7566.5
110,8027.5,7581.0,7746.0,8103.0,7879.0,8198.0,7998.0,7299.0,7798.5,7540.0
111,7959.5,7783.0,7944.0,8137.0,7957.5,8194.0,8125.0,7410.0,7903.5,7729.0
112,8044.0,7946.5,7854.5,8354.0,8027.0,8188.5,8003.5,7376.0,7958.5,7770.0
113,8186.0,7824.0,7852.5,8129.0,7951.5,8128.5,7980.5,7497.5,7978.5,7753.0
114,8135.0,7919.0,7875.5,8174.0,8073.0,8275.5,8078.5,7468.0,7988.0,7700.0
115,8244.0,7808.5,7920.0,8164.5,8064.0,8177.5,8027.0,7428.0,7966.5,7825.0
116,8263.5,7860.5,7897.5,8249.0,7972.0,8289.0,8264.0,7446.5,7885.0,7813.5
117,8301.5,8039.5,7995.5,8222.5,8087.5,8207.5,8115.5,7514.0,8161.5,7906.5
118,8448.0,8069.0,8080.0,8434.0,8244.5,8375.0,8243.0,7622.0,8146.0,7983.5
119,8454.5,8092.5,8115.0,8502.5,8336.0,8411.0,8289.5,7603.5,8252.0,8069.5
120,8516.0,8193.0,8121.5,8525.5,8340.5,8517.0,8451.5,7706.0,8270.5,8125.5
121,8560.0,8199.0,8245.0,8651.5,8332.5,8581.0,8473.0,7687.5,8288.0,8114.0
122,8376.0,8150.5,8323.5,8666.5,8398.5,8524.5,8358.5,7871.5,8306.0,8143.0
123,8529.0,8184.5,8158.0,8488.0,8233.5,8647.0,8348.0,7860.0,8339.5,8235.5
124,8588.0,8173.5,8265.5,8563.5,8272.5,8511.5,8362.0,7878.0,8436.5,8173.0
125,8499.0,8270.0,8319.5,8560.5,8323.0,8490.0,8273.0,7912.0,8513.0,8191.0
126,8629.5,8291.5,8285.5,8557.5,8356.5,8521.5,8363.0,7932.0,8582.0,8320.0
127,8606.5,8287.0,8365.5,8664.0,8432.5,8520.0,8287.5,7979.0,8382.5,8298.5
128,8819.0,8300.0,8391.5,8720.0,8519.0,8723.0,8391.5,8007.0,8588.5,8326.5
129,8744.0,8331.5,8434.5,8707.0,8471.5,8596.0,8386.5,8092.5,8590.5,8378.0
130,8813.5,8471.0,8607.5,8750.5,8599.5,8699.5,8555.5,8063.0,8546.0,8371.0
131,8690.0,8330.0,8479.0,8762.5,8536.5,8783.5,8648.0,8209.5,8527.5,8441.0
132,8716.0,8376.5,8526.0,8809.5,8579.0,8803.5,8652.0,8110.0,8557.0,8496.0
133,8786.5,8309.5,8504.5,8774.5,8575.5,8768.5,8572.5,8065.0,8605.0,8444.5
134,8724.0,8320.0,8471.5,8855.5,8644.5,8950.0,8622.5,8102.0,8592.0,8404.5
135,9060.5,8331.5,8398.0,8676.0,8414.0,8704.5,8456.0,8159.0,8744.0,8535.5
136,9185.5,8505.5,8516.0,8777.5,8488.0,8641.0,8438.5,8236.0,8773.0,8568.5
137,9158.5,8517.5,8571.0,8742.0,8474.5,8721.5,8571.5,8244.5,8741.5,8602.5
138,8941.0,8630.0,8647.0,8793.5,8615.0,8827.0,8673.0,8351.5,8814.5,8616.0
139,8906.0,8693.5,8661.0,8904.0,8559.0,8818.5,8563.5,8293.0,8755.0,8727.0
140,9002.0,8690.5,8553.5,8929.0,8613.0,8886.0,8652.0,8326.0,8854.0,8586.0
141,9044.5,8822.0,8742.0,9003.0,8672.5,8880.5,8666.0,8395.5,8891.5,8847.5
142,8941.0,8684.5,8855.5,9033.0,8612.5,8832.5,8643.0,8447.5,8900.0,8724.5
143,8879.0,8595.0,8756.0,8990.5,8683.5,8854.5,8626.0,8460.5,8883.0,8827.5
144,8880.5,8526.5,8663.5,8918.0,8556.5,8909.0,8695.0,8504.0,8854.5,8809.0
145,8983.0,8577.0,8754.0,8830.5,8547.0,8851.0,8784.0,8424.5,8873.0,8712.5
146,9041.5,8686.5,8888.0,8966.5,8672.0,8824.0,8631.0,8412.5,8852.0,8703.5
147,9140.0,8871.5,8807.5,9054.5,8725.5,8985.0,8820.0,8431.5,9049.0,8772.0
148,9098.5,8736.0,8844.0,9054.5,8841.5,8988.0,8862.5,8558.5,9007.0,8822.5
149,9078.0,8754.5,8909.5,9077.0,8749.0,8977.5,8851.0,8481.0,9020.5,8789.0
150,9185.0,8866.5,8901.0,9122.5,8890.5,9029.5,8851.0,8511.0,9116.0,8853.5
151,9075.0,8825.0,8837.0,9230.0,8789.5,9130.5,8877.5,8558.5,9012.0,8899.5
152,9082.0,8799.0,8899.0,9246.0,8869.5,9153.5,8992.5,8516.5,9034.5,8838.0
153,9185.0,8857.5,8918.5,9276.5,8962.0,9339.0,9072.0,8603.0,9089.0,8944.5
154,9153.5,8848.0,8819.0,9241.0,8903.5,9318.5,9060.0,8655.5,9180.0,8974.0
155,9179.5,8806.0,8962.0,9111.0,8848.5,9127.0,9040.5,8635.5,9137.5,8889.5
156,9156.0,8779.0,8937.0,9132.5,8800.5,9236.5,8840.0,8639.0,9095.5,9002.5
157,9212.0,8944.0,8936.5,9095.0,8835.5,9104.5,8914.5,8754.0,9131.5,8966.5
158,9339.5,9090.0,8966.5,9125.5,8635.5,9029.0,8744.5,8679.0,9169.5,9052.5
159,9358.0,9115.5,9135.0,9221.5,8781.5,9162.0,8949.0,8731.5,9232.0,8950.0
160,9381.0,9264.0,9041.5,9229.5,8830.0,9123.0,8949.0,8749.0,9207.5,9002.0
161,9253.0,8997.0,9155.5,9285.0,8884.0,9254.5,9002.5,8681.5,9310.0,9057.0
162,9353.0,9021.0,9041.0,9161.0,8845.0,9191.5,8998.0,8831.5,9295.0,9200.0
163,9257.5,9083.0,9144.5,9321.0,8936.5,9138.5,8907.0,8744.0,9245.0,9109.5
164,9254.0,8948.5,9077.0,9306.0,8855.0,9282.5,9052.0,8784.5,9241.5,9170.0
165,9227.5,8947.5,9047.0,9192.0,8882.0,9261.0,8994.0,8790.0,9253.5,9088.0
166,9280.0,9078.5,9136.0,9368.0,8918.0,9232.0,8970.5,8977.0,9261.5,9167.5
167,9295.5,8960.0,9061.5,9280.5,8946.0,9247.0,9016.0,8885.0,9232.0,9028.0
168,9243.0,9021.0,9113.5,9215.5,8953.5,9159.0,9029.5,8697.5,9197.0,8970.5
169,9325.5,8962.5,9036.0,9326.5,9002.0,9197.5,8942.0,8719.0,9252.5,9179.5
170,9224.5,9093.5,9122.0,9241.5,8943.5,9155.5,9066.0,8779.5,9155.5,9067.0
171,9267.0,8950.0,8984.5,9230.0,8842.5,9180.5,9079.5,8780.0,9225.5,9108.5
172,9298.5,8955.5,9236.5,9369.0,8908.0,9278.0,8935.5,8815.0,9222.0,9112.5
173,9260.0,8961.0,9101.0,9163.0,8843.5,9225.5,8991.5,8815.0,9207.0,9115.5
174,9270.5,8968.5,9125.5,9212.5,8923.0,9169.0,8823.0,8860.5,9196.0,9089.5
175,9236.5,9019.5,8998.0,9298.5,8985.5,9224.5,8870.5,8770.5,9134.5,9113.5
176,9258.5,8896.0,9052.5,9183.5,8885.0,9156.0,9023.0,8704.5,9151.5,8997.0
177,9199.5,8889.5,9028.0,9285.0,8971.5,9191.0,9070.5,8668.0,9117.5,9006.5
178,9195.5,8836.5,9081.0,9161.0,8886.0,9255.0,9033.5,8727.0,9224.0,9093.5
179,9266.0,9007.5,8983.5,9209.0,8823.0,9045.5,9002.5,8724.0,9102.5,8960.5
180,9222.5,8897.5,9165.0,9253.0,8856.0,9230.5,8888.0,8729.5,9044.0,9054.5
181,9104.0,8892.5,9035.5,9244.0,8914.5,9063.5,8837.5,8716.0,9098.5,9057.5
182,9142.0,8805.5,9026.0,9351.0,9045.5,9302.0,8845.0,8748.5,9138.0,8907.5
183,9238.0,8946.0,9019.5,9290.5,8918.5,9163.5,8862.5,8749.5,9255.5,9035.5
184,9242.0,8983.5,9079.0,9151.5,8796.0,9204.5,9004.0,8665.5,9130.5,8895.5
185,9221.0,8912.0,8873.0,9111.5,8824.0,9100.5,8973.5,8687.5,9004.5,8954.0
186,9148.5,8918.5,9000.0,9125.5,8792.5,9186.5,8811.5,8609.5,9109.0,8943.0
187,9097.0,8811.5,9014.5,9151.5,8870.0,9036.0,8754.0,8684.0,8993.5,8952.0
188,9202.0,8932.5,9158.5,9215.5,8845.5,9093.5,8793.0,8566.5,9029.5,8985.5
189,9185.5,8870.0,8975.0,9059.0,8677.0,8979.5,8612.5,8645.5,9074.5,8918.0
190,9127.0,8814.5,8930.5,9047.5,8652.0,8785.0,8690.5,8556.5,8961.5,8898.5
191,9140.5,8818.0,8917.5,9027.0,8667.5,8938.5,8755.0,8653.5,9014.5,9071.5
192,9009.5,8710.5,8855.5,9048.5,8730.0,8943.5,8662.5,8639.0,8983.0,9021.5
193,9097.0,8839.0,8771.5,8977.5,8739.0,8857.5,8599.5,8553.0,8987.0,8807.5
194,9139.0,8841.0,8735.5,8861.0,8547.5,8785.5,8533.5,8500.5,9053.0,8871.5
195,9041.5,8760.0,8713.0,8839.5,8628.0,8884.0,8926.0,8577.0,8803.0,8718.5
196,9075.5,8705.5,8753.5,8868.0,8706.5,8922.0,8700.0,8439.0,8866.0,8662.0
197,9084.0,8672.5,8735.5,9009.0,8627.5,8863.0,8640.5,8465.5,8902.5,8700.0
198,9073.0,8690.0,8824.0,8923.0,8672.5,8849.5,8560.5,8373.5,8858.5,8702.5
199,8975.0,8698.0,8945.5,8848.0,8618.0,8780.5,8416.0,8474.0,8867.5,8782.5
200,8871.0,8670.0,8788.0,9101.5,8762.5,8937.5,8578.0,8343.0,8837.0,8662.0
201,8914.5,8627.5,8763.5,8879.5,8611.0,8928.5,8595.0,8278.0,8751.0,8738.5
202,8934.5,8698.5,8773.5,8886.0,8572.0,8946.0,8675.0,8295.0,8783.5,8705.5
203,8843.0,8611.5,8623.5,8811.5,8547.5,8854.5,8583.0,8255.0,8675.0,8556.0
204,8896.0,8612.5,8674.5,8674.5,8488.0,8778.5,8667.0,8227.5,8791.0,8564.0
205,8863.0,8607.5,8732.0,8727.5,8492.5,8709.0,8475.5,8230.5,8676.5,8484.5
206,8736.0,8505.0,8601.0,8728.5,8513.0,8608.0,8350.0,8224.0,8631.5,8544.5
207,8755.0,8489.0,8585.5,8827.0,8587.0,8691.0,8471.0,8115.0,8566.5,8461.0
208,8759.0,8486.0,8548.0,8906.0,8573.5,8690.0,8355.5,8117.5,8519.0,8327.0
209,8713.0,8421.0,8546.5,8807.0,8515.5,8398.5,8062.0,8109.5,8546.0,8317.5
210,8623.0,8367.0,8585.0,8589.0,8246.0,8497.5,8179.5,8098.5,8500.0,8322.5
211,8632.5,8339.0,8391.5,8469.5,8368.0,8372.5,8316.5,8056.0,8387.0,8353.0
212,8573.5,8395.5,8457.5,8576.5,8219.5,8415.0,8054.0,8027.0,8400.0,8311.0
213,8589.5,8296.5,8502.0,8529.5,8311.0,8305.0,7954.0,8050.0,8476.0,8125.0
214,8487.0,8242.0,8488.5,8616.0,8369.5,8337.0,8133.0,7867.5,8494.0,8136.0
215,8516.0,8183.0,8337.0,8768.5,8476.5,8403.5,8150.0,7778.0,8301.0,8078.0
216,8361.0,8178.5,8292.0,8508.5,8356.5,8652.5,8333.5,7740.0,8212.0,8001.0
217,8307.0,8132.5,8355.5,8629.0,8250.5,8618.0,8291.0,7747.0,8176.0,7933.5
218,8432.5,8130.5,8312.0,8519.5,8198.5,8494.0,8303.5,7735.5,8256.5,8028.0
219,8287.0,8096.0,8327.0,8558.0,8269.5,8398.0,8195.5,7802.0,8144.0,8090.5
220,8236.0,8084.0,8336.5,8527.0,8142.0,8356.5,8135.5,7603.0,8062.0,7869.5
221,8198.0,8021.5,8215.0,8448.5,8190.0,8407.0,8287.5,7586.0,8046.0,7908.0
222,8235.5,8025.5,8287.5,8411.0,8117.0,8214.5,8146.0,7584.0,8100.0,7854.5
223,8248.5,8034.5,8271.0,8361.5,8096.0,8463.0,8111.0,7471.5,8034.0,7835.5
224,8274.5,8036.0,8313.0,8288.0,8084.5,8203.0,7990.0,7545.5,8059.5,7813.0
225,8169.5,7971.0,8116.5,8240.5,8027.0,8246.5,7941.5,7472.0,8091.5,7702.0
226,8092.5,7960.5,8075.5,8268.5,8004.5,8056.5,7936.0,7446.0,7974.5,7661.0
227,8064.0,7850.0,8056.5,8224.5,7953.0,8136.0,7941.0,7409.5,7846.0,7624.5
228,8013.5,7860.0,7961.0,8141.0,7920.5,8122.0,7807.0,7318.5,7897.0,7632.0
229,7862.0,7710.5,8013.0,8137.5,7802.0,7875.5,7722.5,7207.5,7725.5,7598.0
230,7800.5,7708.0,7966.5,8244.0,7901.5,7948.0,7624.5,7175.0,7665.0,7518.0
231,7831.0,7578.5,7879.5,8132.5,7835.5,8183.5,7781.0,7130.0,7579.5,7442.0
232,7706.5,7493.5,7787.5,8001.5,7855.5,7823.5,7690.0,7083.0,7513.5,7280.5
233,7733.5,7476.5,7708.5,7843.0,7790.5,7942.0,7723.0,7070.5,7475.0,7306.0
234,7754.5,7543.0,7663.0,7940.5,7710.5,8025.5,7892.5,6988.5,7635.0,7303.5
235,7647.0,7474.0,7644.0,7901.0,7635.0,7995.0,7935.0,7004.5,7504.5,7325.0
236,7585.0,7382.5,7611.5,7809.5,7573.0,7795.5,7730.0,6975.0,7441.0,7172.0
237,7569.5,7370.5,7549.5,7867.0,7675.0,7829.0,7689.5,6833.0,7392.0,7093.5
238,7559.5,7412.5,7714.0,7708.0,7589.0,7758.5,7621.0,6758.0,7386.5,7174.0
239,7476.0,7341.0,7548.5,7793.0,7536.0,7699.0,7507.5,6706.5,7256.5,6981.0
240,7526.5,7366.0,7474.0,7727.5,7562.5,7680.0,7473.0,6660.0,7247.0,7008.5
241,7398.0,7363.5,7489.0,7679.5,7495.5,7606.5,7482.0,6612.5,7250.5,6887.0
242,7326.5,7220.0,7334.0,7642.5,7428.0,7566.5,7341.5,6657.0,7203.5,6950.0
243,7348.5,7283.0,7405.5,7659.5,7501.5,7518.0,7388.0,6632.5,7169.5,6874.5
244,7257.0,7160.5,7295.5,7610.0,7427.5,7510.0,7412.5,6514.5,6982.5,6792.0
245,7330.5,7062.5,7386.0,7532.0,7429.5,7504.5,7384.5,6431.5,7266.0,6853.5
246,7193.5,7023.0,7202.0,7594.5,7436.5,7441.5,7327.5,6443.0,7090.0,6825.0
247,7157.5,7021.5,7258.5,7541.5,7319.0,7349.0,7338.0,6395.5,7034.0,6702.0
248,7089.0,7016.0,7196.0,7461.0,7294.5,7389.0,7175.0,6243.0,6880.5,6635.0
249,6951.0,6922.0,7074.5,7272.0,7222.5,7267.0,7103.5,6229.0,6770.5,6516.0
250,6959.5,6795.0,6973.0,7312.0,7150.5,7257.5,7182.0,6249.5,6805.5,6485.5
251,6844.0,6783.0,6948.5,7270.5,7032.5,7427.0,7406.0,6269.5,6657.0,6442.0
252,6828.0,6701.5,7007.0,7253.0,7090.0,7285.0,7064.5,6209.5,6739.5,6330.0
253,6749.0,6593.5,6946.0,7173.5,7035.5,7127.0,7012.0,6133.5,6570.5,6472.0
254,6616.0,6548.5,6723.5,7068.0,6871.0,7150.5,7017.5,6012.0,6553.0,6288.5
255,6635.5,6498.5,6759.5,7002.0,6831.0,7057.0,6945.5,6028.5,6481.0,6265.0
256,6537.5,6541.5,6677.5,6987.0,6830.0,7063.0,6898.5,5880.5,6586.5,6269.0
257,6512.5,6381.0,6657.5,7027.0,6824.0,7050.5,7013.5,5710.5,6354.0,6041.0
258,6468.5,6379.0,6585.0,6945.5,6816.0,7021.0,6847.5,5658.0,6210.5,5958.0
259,6440.0,6403.0,6557.0,6891.0,6790.5,6978.0,6882.0,5609.0,6221.0,5907.5
260,6405.5,6381.5,6540.5,6774.5,6612.0,6989.5,6878.0,5599.5,6173.0,5809.5
261,6308.5,6284.0,6456.0,6872.5,6678.0,6756.0,6681.0,5515.5,6101.0,5808.0
262,6258.0,6216.5,6444.5,6767.0,6636.5,6742.5,6596.0,5524.0,6032.0,5743.0
263,6290.5,6160.5,6397.0,6714.5,6642.5,6757.5,6667.5,5529.5,6054.5,5726.5
264,6238.5,6196.5,6278.5,6635.0,6578.5,6691.0,6597.0,5572.0,6010.5,5726.0
265,6181.5,6080.5,6256.5,6541.5,6486.0,6585.5,6519.0,5510.0,6011.0,5758.5
266,6136.0,6031.0,6242.5,6542.5,6370.5,6611.5,6513.5,5355.0,5926.5,5650.5
267,6029.5,5927.0,6168.5,6530.5,6365.0,6512.0,6426.0,5251.5,5934.5,5537.5
268,5938.5,5897.0,6160.5,6529.0,6325.5,6496.5,6434.0,5167.0,5763.0,5527.5
269,5879.0,5852.0,6144.0,6399.0,6349.0,6493.0,6427.0,5207.5,5662.0,5413.0
270,5818.0,5792.0,6035.0,6307.5,6270.5,6419.5,6314.0,5077.0,5621.5,5401.5
271,5846.0,5738.0,5921.0,6284.5,6219.5,6344.0,6201.0,4874.5,5633.0,5290.0
272,5712.0,5684.5,5983.5,6278.5,6201.0,6336.5,6271.5,4942.5,5465.5,5191.5
273,5681.0,5690.0,5877.0,6229.5,6198.0,6338.5,6262.0,4777.5,5451.5,5142.5
274,5688.5,5711.0,5835.5,6148.5,6082.0,6253.5,6151.0,4830.5,5391.0,5155.5
275,5574.0,5581.0,5877.0,6080.0,6082.0,6115.5,6028.5,4790.0,5335.5,5087.0
276,5584.0,5593.0,5767.0,6056.0,6034.5,6164.0,6027.5,4699.5,5282.5,5007.0
277,5454.0,5524.5,5766.0,6078.5,6066.0,6132.5,6077.5,4656.0,5201.5,4998.5
278,5437.5,5394.5,5706.5,6028.5,5964.5,6109.5,6037.5,4625.5,5237.0,4833.5
279,5327.0,5333.5,5569.5,5880.0,5876.5,6021.5,6004.5,4604.5,5103.0,4808.0
280,5326.5,5288.0,5511.0,5848.5,5892.0,6006.5,5952.0,4401.0,5046.5,4743.0
281,5269.0,5370.5,5487.0,5833.0,5734.0,5953.5,5914.5,4500.0,5050.0,4648.0
282,5247.5,5289.5,5485.0,5837.5,5761.0,5893.0,5786.5,4352.0,4941.5,4573.5
283,5238.5,5206.5,5325.5,5674.0,5681.5,5888.0,5824.0,4309.5,4998.0,4608.5
284,5158.5,5120.0,5291.0,5564.0,5604.0,5774.5,5716.0,4263.5,4914.0,4525.5
285,5038.0,5098.0,5300.0,5576.0,5562.5,5668.5,5618.5,4199.0,4877.0,4477.5
286,4997.0,5020.5,5218.5,5468.0,5461.5,5553.5,5558.0,4124.0,4747.0,4392.5
287,4973.0,4982.5,5204.5,5480.0,5424.5,5560.0,5574.5,4082.0,4689.5,4293.0
288,4869.5,4777.5,5036.0,5449.5,5384.5,5550.0,5463.0,4014.5,4596.5,4254.5
289,4766.5,4795.0,5094.0,5311.5,5257.5,5469.5,5415.5,3959.5,4529.0,4288.0
290,4745.5,4725.5,5034.0,5346.0,5327.0,5428.0,5405.5,3855.5,4486.0,4190.5
291,4611.5,4656.0,4973.0,5288.5,5254.0,5371.0,5312.0,3803.0,4330.5,4020.5
292,4618.0,4591.0,4913.5,5274.5,5171.0,5374.0,5343.0,3792.0,4348.0,4025.5
293,4547.0,4580.0,4890.5,5177.0,5211.0,5262.0,5233.0,3720.0,4322.5,3990.5
294,4578.5,4686.5,4765.5,5161.0,5140.5,5224.5,5281.5,3675.5,4294.5,4002.5
295,4538.5,4550.0,4726.5,5137.5,5132.0,5209.5,5176.0,3631.5,4270.5,3905.5
296,4343.5,4474.5,4666.0,5065.0,4992.5,5199.5,5153.0,3543.5,4140.5,3813.0
297,4372.5,4485.5,4629.5,4987.5,4957.0,5100.0,5011.0,3581.0,4141.5,3776.0
298,4299.0,4386.0,4624.5,5004.0,4980.0,5088.0,5058.5,3649.5,4042.0,3706.5
299,4270.0,4334.5,4618.0,4920.5,4976.5,5032.5,4987.0,3342.0,3972.0,3664.0
300,4227.0,4238.0,4597.0,4881.5,4918.0,4919.5,4864.5,3425.0,3949.5,3582.5
301,4268.5,4187.5,4417.0,4747.0,4779.5,4934.5,4823.5,3310.5,3982.0,3623.5
302,4204.0,4177.5,4456.0,4728.5,4723.5,4823.5,4759.5,3488.0,3987.5,3630.5
303,4192.0,4187.5,4383.0,4680.5,4685.0,4794.5,4768.0,3414.0,4010.0,3630.0
304,4104.5,4129.5,4337.0,4660.0,4671.5,4786.5,4762.0,3363.5,3913.0,3510.5
305,4010.0,4013.5,4328.0,4719.5,4651.5,4807.0,4838.0,3243.5,3733.5,3399.0
306,3909.0,4019.5,4311.5,4591.0,4586.0,4680.5,4668.5,3133.5,3681.5,3314.0
307,3889.5,3948.0,4189.5,4500.5,4507.5,4632.5,4613.5,3119.5,3689.0,3281.0
308,3809.5,3827.0,4124.0,4558.0,4522.0,4724.0,4741.0,2998.0,3572.0,3243.0
309,3758.5,3818.0,4093.5,4447.0,4456.0,4638.5,4544.5,3017.5,3550.5,3234.5
310,3721.5,3763.0,4182.0,4429.5,4477.5,4545.0,4527.5,2940.0,3538.5,3241.5
311,3658.5,3752.5,3966.5,4336.5,4355.5,4470.0,4477.0,2818.5,3436.5,3157.5
312,3629.5,3717.5,4043.5,4379.0,4420.5,4500.0,4479.5,2765.5,3362.0,3104.0
313,3670.5,3618.5,3964.5,4274.0,4272.5,4379.0,4379.0,2782.0,3401.0,3044.0
314,3647.0,3656.5,3987.5,4392.0,4429.0,4477.0,4448.0,2771.0,3362.0,3053.0
315,3437.0,3572.0,3868.0,4226.5,4302.0,4402.5,4364.5,2694.0,3204.5,3067.5
316,3371.0,3440.5,3835.0,4194.0,4237.5,4384.0,4345.5,2649.0,3182.0,2911.5
317,3430.5,3535.0,3793.5,4141.5,4119.0,4319.5,4295.0,2628.5,3283.5,2900.0
318,3407.5,3536.5,3721.5,4105.5,4154.5,4295.5,4301.5,2729.0,3127.0,2913.0
319,3440.0,3490.5,3779.5,4123.5,4127.0,4227.5,4214.0,2686.5,3216.5,2853.0
320,3358.0,3452.5,3739.5,4081.5,4080.5,4177.5,4211.5,2599.5,3171.5,2815.5
321,3361.0,3393.5,3767.5,4099.0,4123.5,4197.5,4154.5,2519.0,3122.5,2792.0
322,3273.0,3411.0,3673.0,4037.5,4120.0,4175.5,4155.5,2465.0,3067.0,2705.5
323,3382.5,3410.0,3730.0,3935.5,3932.0,4065.5,4101.5,2465.5,3057.5,2769.5
324,3280.0,3369.5,3576.0,3944.5,3923.0,4015.0,4037.0,2477.0,3025.0,2753.5
325,3323.5,3325.0,3590.0,3950.0,3975.0,4078.0,4036.0,2425.5,2946.0,2628.0
326,3259.0,3406.0,3599.5,3906.0,4013.5,4033.5,4042.5,2469.0,2981.0,2651.5
327,3199.0,3294.0,3580.5,3849.0,3942.0,4013.0,4032.0,2302.0,2892.0,2697.5
328,3129.5,3249.0,3545.5,3898.5,3978.5,4092.0,4100.0,2405.5,2907.5,2596.5
329,3076.5,3210.0,3491.5,3843.0,3927.5,4024.5,4052.5,2353.5,2918.5,2622.5
330,3108.0,3144.5,3442.0,3792.5,3815.0,3930.0,3991.5,2276.0,2903.5,2600.5
331,3080.0,3173.0,3471.0,3752.0,3783.5,3851.5,3837.5,2298.0,2846.0,2538.5
332,3053.0,3141.5,3418.5,3777.5,3850.0,3917.5,3914.5,2252.0,2828.5,2519.5
333,2961.5,3121.0,3371.0,3684.0,3728.5,3859.0,3847.0,2257.0,2727.0,2472.5
334,2970.0,3131.5,3315.5,3637.5,3690.5,3798.0,3814.0,2183.5,2786.0,2411.5
335,2998.5,3049.5,3345.0,3672.0,3722.5,3823.5,3829.5,2184.0,2710.5,2412.5
336,2928.0,3068.5,3382.0,3651.0,3758.5,3790.0,3834.5,2133.0,2675.5,2397.5
337,2960.5,3060.5,3272.0,3658.5,3761.5,3832.0,3856.0,2142.5,2661.0,2361.5
338,2895.0,2979.0,3262.0,3633.5,3690.0,3781.5,3767.5,2087.0,2643.0,2330.5
339,2817.0,2999.0,3218.5,3587.5,3676.5,3773.5,3769.0,2087.5,2637.0,2298.0
340,2889.5,2976.0,3282.0,3538.0,3609.0,3684.0,3736.0,2195.5,2670.5,2358.5
341,2938.5,2944.0,3212.5,3557.5,3617.0,3737.5,3735.5,2123.5,2637.0,2346.0
342,2861.5,2987.0,3267.0,3639.5,3706.5,3766.5,3789.5,2083.5,2624.5,2276.5
343,2798.0,2936.0,3265.5,3561.5,3648.0,3691.5,3680.0,2059.0,2642.0,2258.0
344,2774.5,2941.5,3264.5,3561.5,3542.5,3668.0,3631.0,2026.0,2644.5,2229.5
345,2805.5,2931.5,3217.5,3555.0,3625.5,3674.0,3658.0,1991.5,2533.0,2233.5
346,2717.0,2826.5,3172.5,3504.0,3484.5,3603.5,3610.0,2016.5,2627.5,2247.0
347,2771.0,2844.0,3152.0,3447.5,3530.0,3601.5,3610.5,2016.5,2573.0,2238.5
348,2720.0,2875.5,3122.5,3477.0,3522.0,3616.5,3649.5,2018.5,2541.5,2214.5
349,2768.5,2841.5,3143.0,3435.5,3511.5,3619.0,3643.0,2052.5,2602.5,2243.5
350,2801.5,2902.5,3182.5,3511.5,3537.0,3677.0,3657.5,1937.0,2564.5,2261.0
351,2767.0,2960.5,3151.0,3508.0,3600.0,3642.0,3689.5,1932.5,2499.0,2186.5
352,2784.0,2804.5,3125.0,3559.0,3649.0,3713.0,3663.0,1937.0,2560.5,2254.5
353,2712.5,2764.5,3137.5,3508.0,3540.0,3625.5,3645.0,1868.5,2479.0,2150.0
354,2814.0,2877.0,3160.0,3500.5,3608.0,3624.5,3608.5,1993.0,2537.5,2258.5
355,2813.0,2976.0,3115.5,3467.5,3560.0,3592.0,3605.0,1984.5,2546.0,2202.0
356,2757.0,2833.5,3139.5,3483.0,3531.0,3598.5,3575.0,1991.5,2542.0,2224.5
357,2824.0,2876.0,3132.0,3464.0,3527.0,3622.0,3596.0,2025.5,2562.0,2229.5
358,2824.5,2850.0,3166.5,3519.5,3603.0,3680.0,3703.0,1987.0,2604.5,2238.0
359,2790.5,2873.0,3211.0,3558.0,3625.5,3618.0,3608.5,1980.5,2533.5,2240.5
360,2774.0,2875.0,3193.0,3504.0,3561.5,3645.0,3614.5,1894.0,2531.0,2209.0
361,2781.0,2922.0,3236.5,3500.5,3580.0,3621.5,3654.0,1983.5,2587.5,2233.0
362,2796.5,2871.5,3169.0,3518.0,3609.5,3634.5,3651.0,1957.5,2529.5,2226.5
363,2884.5,2968.0,3236.5,3523.0,3532.0,3690.5,3661.5,2064.0,2634.5,2298.0
364,2910.0,2925.0,3268.0,3505.5,3525.5,3648.0,3682.5,2085.5,2667.5,2323.5
